Data,Otwarcie,Najwyzszy,Najnizszy,Zamkniecie,Wolumen
2017-01-02,74.858,77.102,73.81,77.102,14020
2017-01-03,77.8,77.9,76.503,76.503,2055
2017-01-04,76.603,76.703,75.606,75.606,2971
2017-01-05,75.705,75.805,73.312,73.511,19547
2017-01-09,73.79,75.197,72.414,72.813,14825
2017-01-10,72.813,75.705,72.813,73.411,93285
2017-01-11,73.411,74.808,73.411,74.618,3876
2017-01-12,74.618,74.618,74.199,74.199,927
2017-01-13,73.81,74.07,72.813,74.07,20616
2017-01-16,74.07,74.608,73.411,74.608,2568
2017-01-17,74.558,75.795,73.87,75.486,2552
2017-01-18,75.606,76.803,75.027,76.473,7508
2017-01-19,76.404,76.404,75.456,75.805,17281
2017-01-20,76.104,76.603,75.306,76.533,12876
2017-01-23,77.202,77.202,75.915,76.902,5484
2017-01-24,76.603,77.202,76.603,76.703,13639
2017-01-25,78.997,82.578,78.997,80.992,20593
2017-01-26,84.583,85.779,82.588,83.785,17243
2017-01-27,81.889,83.086,81.062,81.371,5751
2017-01-30,81.281,82.787,81.062,82.787,4636
2017-01-31,82.787,84.573,81.301,82.787,11637
2017-02-01,82.797,83.635,81.86,82.777,7932
2017-02-02,82.687,82.737,81.54,82.079,2421
2017-02-03,82.987,82.987,80.992,81.291,3901
2017-02-06,81.75,83.475,81.291,81.291,3566
2017-02-07,81.491,81.491,78.957,79.845,5071
2017-02-08,79.765,81.281,78.897,81.281,4911
2017-02-09,81.281,84.952,80.124,83.785,8658
2017-02-10,83.785,84.283,83.386,83.685,1321
2017-02-13,83.785,83.785,82.777,82.787,1546
2017-02-14,82.787,82.787,81.341,81.78,2057
2017-02-15,82.039,82.189,81.301,81.87,2672
2017-02-16,82.877,82.987,79.725,81.78,10659
2017-02-17,82.388,82.388,80.792,80.792,4819
2017-02-20,81.092,83.785,79.964,80.982,18356
2017-02-21,80.792,81.131,80.024,80.992,8408
2017-02-22,80.982,82.288,80.792,82.288,2884
2017-02-23,83.785,83.785,82.398,83.685,2255
2017-02-24,83.775,84.383,82.388,84.383,3470
2017-02-27,83.685,84.383,82.169,83.066,4584
2017-02-28,82.288,83.785,82.288,83.785,3595
2017-03-01,83.685,83.685,83.346,83.685,5695
2017-03-02,83.695,85.779,82.797,85.171,6031
2017-03-03,84.383,85.281,83.805,85.231,2725
2017-03-06,85.271,85.271,83.834,84.423,707
2017-03-07,84.263,84.383,82.298,82.787,15403
2017-03-08,82.787,83.086,80.812,81.181,14775
2017-03-09,81.062,81.062,77.93,78.827,6027
2017-03-10,78.847,83.785,78.847,81.151,5952
2017-03-13,83.775,84.283,82.029,83.585,20527
2017-03-14,84.692,84.692,83.037,83.705,21007
2017-03-15,83.705,84.573,82.807,83.276,21202
2017-03-16,83.286,83.286,83.086,83.286,3212
2017-03-17,83.286,83.286,83.166,83.206,9920
2017-03-20,83.755,84.573,82.787,82.787,50197
2017-03-21,83.286,83.286,80.314,81.79,25528
2017-03-22,81.79,81.79,79.845,81.291,4856
2017-03-23,81.79,81.79,80.314,81.291,5464
2017-03-24,80.792,81.291,79.785,80.772,1978
2017-03-27,78.807,79.595,78.807,79.396,1973
2017-03-28,79.396,81.65,79.396,79.496,1775
2017-03-29,79.795,81.54,79.795,80.543,3451
2017-03-30,79.795,81.082,79.795,80.792,9138
2017-03-31,79.845,82.139,79.845,81.84,2114
2017-04-03,81.57,81.8,80.752,81.8,945
2017-04-04,79.964,81.231,79.007,79.795,2534
2017-04-05,79.805,82.139,79.805,80.792,4662
2017-04-06,80.523,81.331,80.294,80.792,1007
2017-04-07,81.181,81.79,80.363,81.79,3507
2017-04-10,80.792,81.59,79.097,79.097,3509
2017-04-11,79.107,80.992,77.591,77.591,3160
2017-04-12,77.78,79.286,77.78,78.259,4670
2017-04-13,78.289,79.585,78.289,79.585,1048
2017-04-18,78.448,79.486,78.448,79.286,1598
2017-04-19,78.289,79.236,77.93,78.289,8366
2017-04-20,78.249,79.745,77.81,79.745,3364
2017-04-21,79.795,83.575,79.795,81.76,30718
2017-04-24,83.416,83.416,81.989,82.787,3108
2017-04-25,81.291,81.79,76.104,81.79,231416
2017-04-26,81.79,81.79,78.129,78.777,16210
2017-04-27,78.997,80.782,78.408,79.097,38783
2017-04-28,79.097,80.463,78.398,79.047,6401
2017-05-02,79.795,81.56,79.795,81.56,8792
2017-05-04,81.291,81.78,79.675,79.675,2514
2017-05-05,80.443,80.443,78.797,79.276,2789
2017-05-08,79.037,80.294,78.698,78.797,1310
2017-05-09,78.897,79.735,76.603,77.8,6354
2017-05-10,78.578,78.578,77.142,77.561,30816
2017-05-11,77.561,77.7,75.805,77.301,4038
2017-05-12,77.8,78.299,76.663,76.982,56737
2017-05-15,76.803,77.102,75.955,76.214,3442
2017-05-16,75.875,76.803,75.875,75.955,7420
2017-05-17,75.805,77.002,75.356,77.002,4513
2017-05-18,77.002,78.797,75.825,78.797,6102
2017-05-19,77.62,78.279,77.431,77.431,842
2017-05-22,77.431,79.595,77.351,79.595,1884
2017-05-23,79.5954,79.5954,77.401,77.8,1041
2017-05-24,78,79.75,76.8,79.45,21106
2017-05-25,79.3,79.3,78.2,79.19,4692
2017-05-26,79.75,79.75,78.3,78.5,989
2017-05-29,78.5,78.61,77.29,77.4,81752
2017-05-30,77.5,77.64,76.7,77.45,91769
2017-05-31,77,78,76.82,78,6589
2017-06-01,77.5,77.69,75.75,76.5,34301
2017-06-02,77.45,78.99,76.85,76.85,36404
2017-06-05,76.15,77.01,76.15,76.9,6296
2017-06-06,76.21,76.88,76.21,76.88,53420
2017-06-07,76.88,77.2,76.5,76.6,690
2017-06-08,76.5,76.59,76.37,76.4,945
2017-06-09,76.5,76.9,76.5,76.9,859
2017-06-12,76.9,76.9,76.51,76.9,663
2017-06-13,76.54,77.08,76.54,76.9,749
2017-06-14,76.66,77,75.99,77,3547
2017-06-16,76.61,78.5,76.6,78.5,533
2017-06-19,78.49,78.49,76.71,78.2,900
2017-06-20,78.32,79.69,78.3,79.64,2108
2017-06-21,79.69,79.69,78.95,79.35,2496
2017-06-22,79.05,80.45,78.71,79.69,2532
2017-06-23,79.99,80.01,79.55,80,21006
2017-06-26,80.75,81.5,80.5,81.48,3047
2017-06-27,81.49,83.5,80.5,83.5,6037
2017-06-28,83.5,83.5,82.4,82.43,707
2017-06-29,82.5,82.5,80.7,81.5,7370
2017-06-30,80.6,82.35,80.6,82.35,7554
2017-07-03,82.48,82.48,81,82,3584
2017-07-04,82.95,82.95,80,80,1196
2017-07-05,80,82,79.97,82,24720
2017-07-06,81.31,82.04,81,82.04,1002
2017-07-07,81.69,82.7,81.22,82.7,1738
2017-07-10,82.71,82.71,81.5,81.5,398
2017-07-11,82,82,80.39,80.91,585
2017-07-12,82,82,79.1,79.1,1412
2017-07-13,79.22,80,79,79,1344
2017-07-14,79.3,79.78,79.05,79.2,285
2017-07-17,79.4,80.38,79.4,79.71,212
2017-07-18,80.19,81,79.86,80.22,1242
2017-07-19,80.2,80.22,79.67,79.67,871
2017-07-20,79.01,79.77,76.97,77.2,14972
2017-07-21,78.15,78.15,76.5,76.6,18199
2017-07-24,76.6,76.94,76.43,76.55,19904
2017-07-25,76.64,79.4,76.35,77.5,4743
2017-07-26,77.81,78.69,75.66,77.94,23859
2017-07-27,78.39,78.39,76.5,78,4652
2017-07-28,78.19,78.23,77.01,77.98,3228
2017-07-31,72.73,73.39,67.17,67.77,81324
2017-08-01,68,68,65.1,65.3,35349
2017-08-02,65.3,66.76,65.3,66,67975
2017-08-03,66.7,67.45,66.4,67.45,3916
2017-08-04,67.45,68.5,67.42,68.49,22594
2017-08-07,68.9,69,68.5,68.5,1604
2017-08-08,68.5,68.89,68,68.59,1361
2017-08-09,68.4,68.4,67.5,68,12408
2017-08-10,68,71,68,70,32474
2017-08-11,72,72.3,70,70.6,16023
2017-08-14,70.7,71.93,70,70.7,1501
2017-08-16,71,71.79,70.81,70.83,742
2017-08-17,70.99,70.99,69.5,69.5,3523
2017-08-18,69.6,70,69.6,70,4372
2017-08-21,70.5,71,69.82,71,10037
2017-08-22,71,72,70.01,72,2978
2017-08-23,72,72.5,72,72,618
2017-08-24,71,73.4,70.5,73.4,63933
2017-08-25,73,73,71.07,71.07,1827
2017-08-28,70.55,73.37,70,73.37,7521
2017-08-29,73,73,71.62,72.99,6730
2017-08-30,72.95,74.7,72.06,74.02,7146
2017-08-31,74.02,77.1,73.41,76,10683
2017-09-01,77.5,77.78,75.01,75.01,7445
2017-09-04,74.45,74.45,73.52,74.45,1780
2017-09-05,73.52,73.94,72.3,73.1,1962
2017-09-06,72.06,72.5,71.74,72.5,3521
2017-09-07,72.5,72.5,71,72.5,1440
2017-09-08,71.7,73.4,70.81,72.45,3067
2017-09-11,72.5,72.5,71.12,71.98,2266
2017-09-12,71.9,71.9,70.71,71.32,5001
2017-09-13,71.7,71.7,70.13,70.13,57468
2017-09-14,70.13,70.13,67.52,67.59,45357
2017-09-15,67.6,72.1,67.45,72.1,283835
2017-09-18,72.5,72.5,70.03,71,37141
2017-09-19,69.15,71,69.15,71,3679
2017-09-20,70.51,71,69.81,71,2288
2017-09-21,71.5,71.5,69.82,70.9,2863
2017-09-22,70.9,71,69.51,71,5858
2017-09-25,70.6,71.51,70.41,70.58,681
2017-09-26,70.58,71.7,70.03,71,2136
2017-09-27,70.9,72.48,70.11,72.48,12314
2017-09-28,72.49,72.78,72.02,72.75,4534
2017-09-29,72.75,72.75,72.02,72.75,6967
2017-10-02,72.75,73,71.56,73,2642
2017-10-03,73.73,73.73,72.37,72.89,889
2017-10-04,72.89,73.49,72,73.22,1009
2017-10-05,73.11,73.11,71.45,72.89,953
2017-10-06,72.89,72.89,71.36,72.5,2349
2017-10-09,73,73,71.65,73,1804
2017-10-10,73,74,72.7,74,1812
2017-10-11,74,74.24,73.2,74,2566
2017-10-12,73.7,73.9,73.15,73.21,719
2017-10-13,72.81,72.95,72.02,72.44,1735
2017-10-16,74.25,74.25,72.06,72.97,330
2017-10-17,72.97,72.97,71.15,72.14,1855
2017-10-18,72.04,73.09,71.01,71.37,1548
2017-10-19,73.57,73.57,69.1,70.95,4840
2017-10-20,69.51,71.7,68.42,68.94,7140
2017-10-23,69.2,69.2,67.61,68.38,2963
2017-10-24,66,66,60.3,63.25,179561
2017-10-25,62.56,65,61.01,65,14087
2017-10-26,66.52,66.6,64.9,64.9,4076
2017-10-27,65,66.5,65,66.5,914
2017-10-30,66.5,67.4,66.31,66.76,1253
2017-10-31,67.34,67.34,65.31,66.52,1637
2017-11-02,66.4,66.4,64.6,64.65,2889
2017-11-03,64.65,65,63.05,63.25,1379
2017-11-06,63.25,64.34,61.7,62.16,25030
2017-11-07,62,63.39,62,62,35450
2017-11-08,62,62,61.15,61.89,1739
2017-11-09,61.15,62.39,60,60.42,2518
2017-11-10,60,61.79,58.06,61.5,6511
2017-11-13,61.5,61.8,60.75,61.4,1373
2017-11-14,61.4,61.4,59.99,61.35,1693
2017-11-15,60.45,61.3,59.42,61.3,6423
2017-11-16,61.4,61.4,60.42,60.89,1439
2017-11-17,60.02,61.24,59.82,60.79,2915
2017-11-20,61,61.9,59.98,59.98,3796
2017-11-21,60.01,61.88,59.82,60,6472
2017-11-22,60.03,60.97,60,60.2,3749
2017-11-23,60.65,62.4,60.33,60.45,179620
2017-11-24,61,61,60.45,60.5,3873
2017-11-27,61.19,61.19,60.5,60.98,26756
2017-11-28,60.61,61.76,60.61,61.43,2249
2017-11-29,61.5,61.5,59.52,60.19,37810
2017-11-30,60.35,60.35,58.15,59.6,13752
2017-12-01,60.35,60.35,58.25,58.25,5834
2017-12-04,58.25,59.85,58.25,59.55,980
2017-12-05,59.55,60.2,58.55,58.6,1490
2017-12-06,57.99,57.99,52.25,53.5,76928
2017-12-07,53.1,56.89,53,54.05,38356
2017-12-08,54.05,55.6,53.5,55,8167
2017-12-11,55,55.5,54.61,55.25,3608
2017-12-12,54.76,55.58,53.15,54.95,11539
2017-12-13,53.81,55.48,53.6,54.1,1095
2017-12-14,53.25,54.1,52.48,52.48,5176
2017-12-15,52.48,52.48,51.42,51.7,42294
2017-12-18,51.45,51.5,48.6,50,12068
2017-12-19,49.48,50.8,49.48,50,2418
2017-12-20,50.2,50.2,48.41,48.41,1664
2017-12-21,47.89,48.2,46.8,46.8,36611
2017-12-22,46.8,46.8,46.12,46.4,7655
2017-12-27,47.2,47.2,46.11,46.5,4497
2017-12-28,47.47,48.39,46.64,47.77,2977
2017-12-29,47.86,50,47.86,50,5424
2018-01-03,52.9,52.9,48.5,50.1,8975
2018-01-04,49.8,53.3,49.8,50.8,106313
2018-01-05,52.1,52.1,50.8,50.8,23478
2018-01-08,51,52.9,50.9,51,53748
2018-01-09,51.5,52.4,50.9,52.2,5036
2018-01-10,52.7,52.9,51.6,51.8,2998
2018-01-11,52.5,52.5,51.7,52,3369
2018-01-12,51.7,52,50.9,50.9,3025
2018-01-15,51.2,51.6,49.55,49.65,8153
2018-01-16,49.6,49.8,47.2,48.75,6313
2018-01-17,48.75,50,48.75,50,5080
2018-01-18,49.95,52.7,49.95,50.7,26490
2018-01-19,51,51.6,50.7,50.7,1372
2018-01-22,51,51.5,50.9,50.9,9870
2018-01-23,51,51.6,49.7,49.85,4024
2018-01-24,49.8,50,48.85,50,5133
2018-01-25,49.4,50.9,48.9,48.9,5711
2018-01-26,50,50,47.9,49.1,5764
2018-01-29,49.15,50,48.65,49.5,18678
2018-01-30,49.5,49.95,48.5,48.5,2255
2018-01-31,48.55,49.6,48.55,48.75,2876
2018-02-01,47,47,42.5,43,342725
2018-02-02,43,43.5,41,42,59908
2018-02-05,41.5,42.75,40.5,42.5,15525
2018-02-06,41,41.8,40.4,41,160643
2018-02-07,41.8,42.5,41.25,41.7,35158
2018-02-08,42,47.6,41.65,47.2,163206
2018-02-09,47.3,50.9,45.2,50,40698
2018-02-12,49.95,50.8,48.05,50.1,20516
2018-02-13,50.4,52.7,50.1,52.1,13007
2018-02-14,51.6,52.8,51.5,52.8,12074
2018-02-15,52.9,55,52.9,54.6,7998
2018-02-16,54.8,54.8,53,53.7,11639
2018-02-19,53.6,55,53,54.2,8014
2018-02-20,54.4,54.5,52.7,53.9,13151
2018-02-21,52,53.3,52,53,7144
2018-02-22,52.2,54,52,54,8212
2018-02-23,54.5,54.5,52.3,54.4,24277
2018-02-26,53.4,55,53,55,7848
2018-02-27,55,55.5,54,55.5,8995
2018-02-28,55,56,54.5,55.5,13355
2018-03-01,54.1,55,54,54.7,3760
2018-03-02,54,55,53.3,55,1367
2018-03-05,53.7,54.4,53.6,53.6,1080
2018-03-06,53.6,56.5,53.6,55.6,5687
2018-03-07,56.2,57,55.2,56.1,338940
2018-03-08,56.5,57,55.6,56.3,156345
2018-03-09,55.7,57,55.7,57,3884
2018-03-12,56.7,57,56,56.8,2636
2018-03-13,56.7,57,55.6,55.6,263803
2018-03-14,55.3,55.3,53.4,53.5,2162
2018-03-15,53.3,53.3,50.9,53,7428
2018-03-16,53.2,55.5,53,54.5,3423
2018-03-19,55.5,55.5,53.2,53.2,1735
2018-03-20,53.5,54.8,53,54.8,1144
2018-03-21,54.8,55.3,54.6,55.3,52786
2018-03-22,55,57.7,54.6,54.6,16161
2018-03-23,53.9,54.2,53.6,54,1502
2018-03-26,54.1,54.3,54,54,4831
2018-03-27,54.3,54.3,51.3,54.3,12876
2018-03-28,53,54,52.1,54,2291
2018-03-29,53.9,53.9,52.5,53.5,1618
2018-04-03,53,53,51,52.4,8245
2018-04-04,52.8,53.5,52.4,53.5,2432
2018-04-05,53.3,53.9,51.4,53,5520
2018-04-06,53,57,52.9,57,20029
2018-04-09,57,57.1,55.2,55.2,45534
2018-04-10,55.1,55.5,54.3,55,105270
2018-04-11,55,55,54,54,106571
2018-04-12,53.4,53.9,53,53,6179
2018-04-13,53.1,53.9,52.7,53.6,2260
2018-04-16,53.7,54.9,53.2,53.2,12615
2018-04-17,53.7,53.7,53,53,437
2018-04-18,54.9,54.9,52.7,52.9,969
2018-04-19,52.7,53.3,51.5,51.6,51704
2018-04-20,51.6,51.6,50.1,50.5,35471
2018-04-23,50.4,50.5,50.1,50.5,8144
2018-04-24,51,51,50,50,12780
2018-04-25,50,51,50,51,918
2018-04-26,51,52.2,50,50.7,138973
2018-04-27,52.7,52.7,50.6,50.6,2815
2018-04-30,50.6,50.6,50.2,50.2,575
2018-05-02,49.9,50.3,48.65,50.2,2802
2018-05-04,50.5,50.8,50,50.1,5270
2018-05-07,50,50.7,49,49.5,52803
2018-05-08,49.5,50.9,48.6,50.2,1298
2018-05-09,48.2,50,48.2,49.5,31228
2018-05-10,48.3,50.1,48.3,50,91332
2018-05-11,48.6,51.8,48.6,51.7,4145
2018-05-14,51.7,53.3,51.6,53,139864
2018-05-15,52.7,52.7,49.8,49.8,3097
2018-05-16,49.8,52.3,49.8,50.1,15986
2018-05-17,50.2,51,49.8,51,601
2018-05-18,51.7,51.9,50,50.4,201320
2018-05-21,51.9,52.2,49.55,51.7,202501
2018-05-22,51.6,51.6,49.5,49.5,1153
2018-05-23,50.5,51.5,50,50.5,5380
2018-05-24,50.8,50.8,50,50,2677
2018-05-25,50,54.8,50,54,56145
2018-05-28,54,54,52,52.3,5896
2018-05-29,52,52.4,52,52.2,30563
2018-05-30,52.2,52.5,51.2,51.2,6243
2018-06-01,51.2,51.2,50,50.6,618
2018-06-04,50.3,50.6,50.3,50.3,354
2018-06-05,50.6,50.6,50,50,28195
2018-06-06,50.5,50.5,49.5,49.5,7391
2018-06-07,50,51.5,49.75,51,128501
2018-06-08,51,51,50.1,50.9,966
2018-06-11,49.9,49.9,48.5,49.7,2552
2018-06-12,49.95,49.95,49.1,49.95,552
2018-06-13,49.7,49.95,49.3,49.3,709
2018-06-14,49.05,49.2,48.7,49,5418
2018-06-15,49.6,49.6,49,49,2865
2018-06-18,48.65,49,48.65,48.8,959
2018-06-19,48.65,48.65,47.05,47.05,31058
2018-06-20,47,48.8,47,48,10322
2018-06-21,49,49,47.35,47.35,30761
2018-06-22,48.3,48.3,47.1,47.45,1819
2018-06-25,45.25,48,45.1,48,11484
2018-06-26,48,48,46.5,46.5,30622
2018-06-27,47,47.95,45.5,47,17072
2018-06-28,47,47.5,45.6,47.5,8955
2018-06-29,47.5,47.75,46.1,47.35,11352
2018-07-02,47,47,44.6,46,2873
2018-07-03,45.95,45.95,45,45.2,10842
2018-07-04,45.2,45.2,43.1,44,61509
2018-07-05,44,44.5,43.75,44.3,1748
2018-07-06,45,45,44.5,44.6,31348
2018-07-09,45,45.2,44.05,45,102318
2018-07-10,45,45,44.5,44.55,798
2018-07-11,44.45,44.55,42.6,42.6,53756
2018-07-12,42.9,43.45,42.85,42.95,725
2018-07-13,43,43,41.7,41.7,42951
2018-07-16,42.25,42.25,40.85,41,44344
2018-07-17,41,41,38.3,39.5,8425
2018-07-18,39.5,39.7,38.15,39.3,3614
2018-07-19,39.3,40,39,40,3117
2018-07-20,40,40,39,39.85,1838
2018-07-23,40,40,39.25,39.5,2266
2018-07-24,39.95,41,39.15,39.55,36570
2018-07-25,40,41.7,39.6,40,22879
2018-07-26,40.15,43.45,39.8,40.6,34156
2018-07-27,47,51.7,47,48.5,299514
2018-07-30,49.5,49.8,45.3,45.5,181262
2018-07-31,45.65,46.9,45.25,46,55189
2018-08-01,46.2,46.7,45.65,45.7,8503
2018-08-02,46.1,46.65,45.5,46,2107
2018-08-03,46,46.5,45.5,46,9027
2018-08-06,46,47,45.65,46.4,9574
2018-08-07,46.4,47,45.65,46.4,13162
2018-08-08,46.9,46.9,46,46,61973
2018-08-09,46,46.7,45.65,45.95,11832
2018-08-10,45.9,45.9,44.75,45.1,10585
2018-08-13,45,45.4,44.3,45,6892
2018-08-14,45,45,44.5,44.85,5162
2018-08-16,44.7,46,44.3,45,13468
2018-08-17,45.9,45.9,44.1,44.75,6364
2018-08-20,45,45,44.35,44.35,6753
2018-08-21,44.9,45,44.8,45,1152
2018-08-22,45,45,44.5,45,10774
2018-08-23,45,45,44.6,44.95,964
2018-08-24,45,45,44.8,45,16902
2018-08-27,45,45,44.7,45,1440
2018-08-28,45,45.05,44.8,45,10004
2018-08-29,45,45,44.6,45,490
2018-08-30,45,45,44.1,44.95,4221
2018-08-31,44.5,45,44.05,45,4413
2018-09-03,44.95,45.15,44.1,45,22103
2018-09-04,45,45,44.05,44.05,608
2018-09-05,44.05,44.35,43,44,1807
2018-09-06,44,44,41.5,41.5,58840
2018-09-07,41.5,43.3,41.5,43.3,72049
2018-09-10,44.95,44.95,42.7,43.5,2481
2018-09-11,43.5,44,42.8,43.3,23523
2018-09-12,43.25,43.9,43,43.1,115655
2018-09-13,43.2,43.3,43,43.3,11552
2018-09-14,42.45,42.45,39.95,42,29542
2018-09-17,42,43.4,42,43,11880
2018-09-18,43,46.15,43,46.15,4375
2018-09-19,46,46.1,44.8,44.8,2198
2018-09-20,46.5,46.5,42.2,45,17784
2018-09-21,45.2,45.2,43.05,43.1,18474
2018-09-24,44.8,44.8,43.2,43.2,27376
2018-09-25,43.9,43.9,43.4,43.5,137
2018-09-26,44.35,44.35,43.45,43.45,594
2018-09-27,43.25,44.25,43.25,44.1,262
2018-09-28,44,44,42.3,43,4005
2018-10-01,43.3,43.7,43,43.15,46017
2018-10-02,43.4,43.4,42.8,43.1,767
2018-10-03,42.3,43.05,42.3,42.65,107
2018-10-04,42.6,42.6,42,42.5,624
2018-10-05,42.8,42.8,42,42.25,22052
2018-10-08,42,42,40.5,40.8,4145
2018-10-09,40.4,40.9,38.25,38.25,23727
2018-10-10,38.75,39.7,37.25,37.9,6661
2018-10-11,37,37.4,35.3,36.9,52604
2018-10-12,37.4,38.5,36.5,37,2375
2018-10-15,36,38.3,35.6,38.3,7060
2018-10-16,37.8,38.5,37.8,38,4944
2018-10-17,38,40.2,38,40,10261
2018-10-18,40.2,40.9,39.55,40,8889
2018-10-19,40,40,37.5,37.5,48986
2018-10-22,38,38.7,37,37,3135
2018-10-23,37,37,35.4,35.4,2225
2018-10-24,35.4,35.9,34.3,34.5,45255
2018-10-25,34.1,34.1,31.15,33.3,47990
2018-10-26,33,33.5,32.05,32.5,21067
2018-10-29,32.4,32.4,24.05,24.5,273927
2018-10-30,25,26.85,24.25,25.6,167188
2018-10-31,25.85,25.85,25.1,25.1,9250
2018-11-02,25.05,25.7,25,25.05,9375
2018-11-05,25.5,25.5,24.5,25,3796
2018-11-06,25,25.45,23.95,23.95,316266
2018-11-07,24.3,24.3,23.45,23.5,11283
2018-11-08,23.4,23.85,23.2,23.55,2584
2018-11-09,23.7,23.7,22.7,23,16333
2018-11-13,22.7,22.7,21.25,22,107495
2018-11-14,22,22.9,22,22.9,2385
2018-11-15,22.5,24.4,22.4,22.9,38548
2018-11-16,22.9,23.05,21.3,21.5,24828
2018-11-19,20.7,22,20.55,21.9,129388
2018-11-20,21.2,21.65,20.55,20.6,13173
2018-11-21,20.55,21,20.3,21,12929
2018-11-22,21,21,19.5,20.55,13781
2018-11-23,20.7,21,20.7,21,26154
2018-11-26,21,21.5,20.2,20.8,42155
2018-11-27,21.5,21.5,19.62,20.7,77268
2018-11-28,20.5,22.05,20.05,20.35,250151
2018-11-29,20.65,21.6,20.5,21,13779
2018-11-30,21,21.65,20.35,20.7,13647
2018-12-03,21,21.7,20.55,21.7,68783
2018-12-04,22,23.2,21.35,22.5,353461
2018-12-05,21.95,24.45,21.75,23.95,51980
2018-12-06,23.9,24.7,22.8,24.05,43293
2018-12-07,24.25,26.15,24.25,25,67506
2018-12-10,24.85,25.45,23.8,23.8,16557
2018-12-11,24.1,25.6,24.05,24.6,19043
2018-12-12,25.5,25.5,24.4,24.8,9005
2018-12-13,25.4,25.4,24.4,24.45,12834
2018-12-14,24.7,24.7,23.05,23.1,16592
2018-12-17,22.9,23.8,22.25,22.6,13764
2018-12-18,22.5,22.7,21.8,22.1,23802
2018-12-19,21.9,22.7,21.9,22.45,71883
2018-12-20,22.45,23.1,22.45,22.65,41918
2018-12-21,22.45,22.7,22.45,22.5,24989
2018-12-27,22.9,22.9,22.3,22.5,3055
2018-12-28,22.45,22.85,22.45,22.75,5059
2019-01-02,22.75,24.3,22.75,23.95,12478
2019-01-03,23.8,24.45,23.05,23.05,8608
2019-01-04,23.05,23.55,23.05,23.45,2021
2019-01-07,23.5,23.75,22.7,22.7,7736
2019-01-08,22.75,22.9,22.4,22.4,9846
2019-01-09,22.5,22.75,22.3,22.5,7142
2019-01-10,22.7,23,22.4,22.6,17776
2019-01-11,22.85,22.95,22.5,22.5,9576
2019-01-14,22.75,22.75,22.5,22.55,3058
2019-01-15,22.55,22.85,21.9,22,19106
2019-01-16,22,22.5,21.25,22.4,11917
2019-01-17,22.4,22.7,22.2,22.6,5746
2019-01-18,22.7,22.75,22.4,22.6,33823
2019-01-21,22.7,23.35,22.55,23.35,24382
2019-01-22,23.5,24.45,23.5,24.25,16241
2019-01-23,24.25,24.8,24,24.8,6362
2019-01-24,24.9,25,24,24.35,6868
2019-01-25,24.35,24.4,23.6,24.1,8815
2019-01-28,24.1,24.4,23.9,24.05,4685
2019-01-29,24,24,23,23.55,72542
2019-01-30,23.85,23.85,23.35,23.5,29746
2019-01-31,23.55,23.9,23.35,23.9,16931
2019-02-01,23.9,24.1,23.9,23.95,29077
2019-02-04,24.2,25.3,24.2,25.2,8615
2019-02-05,25.4,26.7,25.4,26.15,32601
2019-02-06,26.3,26.35,25.6,25.6,12218
2019-02-07,25.9,25.9,25.2,25.5,4661
2019-02-08,25.4,26.3,25.05,26.3,8003
2019-02-11,26,26.2,25.75,25.9,13667
2019-02-12,25.9,26,24.4,24.95,22223
2019-02-13,25.1,25.1,23.8,24,13796
2019-02-14,23.85,24.5,23.85,24,55679
2019-02-15,24.4,24.85,24,24.7,11279
2019-02-18,24.8,24.8,24,24.65,3902
2019-02-19,24.45,24.45,23.85,24.1,3909
2019-02-20,23.9,24.1,23.35,23.5,13195
2019-02-21,23.45,24,23.45,23.95,4439
2019-02-22,23.9,24.2,23.55,24.1,4000
2019-02-25,24.1,25,23.9,24.85,15977
2019-02-26,24.95,25.8,24.9,25.35,29626
2019-02-27,25.8,26.25,25,25,15033
2019-02-28,25.3,25.3,24.55,24.8,7211
2019-03-01,25.1,25.3,24.8,24.8,2635
2019-03-04,24.85,25.4,24.6,24.6,6639
2019-03-05,24.6,24.8,24.15,24.5,4650
2019-03-06,24.65,24.65,24.2,24.5,1512
2019-03-07,24.7,24.7,24.25,24.35,1431
2019-03-08,24.2,24.2,23.8,24,6500
2019-03-11,24,24.8,22.2,22.4,37754
2019-03-12,22.3,22.35,21.1,22.25,98805
2019-03-13,22.35,22.5,22,22.5,9966
2019-03-14,22.8,23.35,22.7,23,48817
2019-03-15,23,24.35,23,24.35,51347
2019-03-18,24.35,24.45,23.5,24.4,12905
2019-03-19,24.45,25.5,24.45,24.75,25108
2019-03-20,24.7,26.85,24.7,26.85,25715
2019-03-21,26.8,29.45,26.8,28.05,81211
2019-03-22,28.1,28.75,27,27.35,24205
2019-03-25,27.1,27.15,26.45,26.7,10696
2019-03-26,27,28.3,27,28,14766
2019-03-27,28.15,28.5,26.6,26.6,18022
2019-03-28,26.6,26.7,25,26.1,44429
2019-03-29,26.35,26.35,25.25,25.9,11652
2019-04-01,26.15,27,26.05,26.4,14774
2019-04-02,27,28.5,27,27.95,17724
2019-04-03,28.6,29.5,28.4,29.4,42813
2019-04-04,29.5,30.95,29.3,29.3,54442
2019-04-05,29.3,30.45,28.2,28.6,45406
2019-04-08,28.55,29.4,28.1,28.85,8171
2019-04-09,29.2,30.2,29,29.2,18135
2019-04-10,29.65,29.75,28.8,29.05,7375
2019-04-11,29.2,29.3,28.8,29.3,4317
2019-04-12,29.15,29.3,28.5,28.85,99781
2019-04-15,28.85,29.15,28.55,29.1,1932
2019-04-16,29.1,29.2,27.95,28.65,8167
2019-04-17,28.65,29.2,28.4,28.4,4118
2019-04-18,28.15,28.7,28.15,28.4,4199
2019-04-23,28.4,28.6,26.35,27.8,27439
2019-04-24,29,29.8,28.6,29.35,32943
2019-04-25,29.2,29.2,28.55,28.8,52923
2019-04-26,29,29.2,28.3,28.35,6838
2019-04-29,28.4,28.4,27.3,28.05,8187
2019-04-30,28.05,28.05,27.5,27.6,10398
2019-05-02,27.35,27.55,27.2,27.35,14970
2019-05-06,27.1,27.5,26.4,26.7,18797
2019-05-07,27.1,27.4,26.85,26.9,23246
2019-05-08,26.75,28,26.75,28,27073
2019-05-09,27.6,29.05,27.6,28.25,30500
2019-05-10,28.25,28.35,27.65,27.9,23207
2019-05-13,27.9,27.9,27.15,27.15,7771
2019-05-14,27.1,27.95,27.1,27.7,5835
2019-05-15,28,28.5,27.4,28.2,10134
2019-05-16,27.95,28.5,27.2,28.5,26746
2019-05-17,28.5,28.6,28,28.5,7071
2019-05-20,27.95,28.6,27.95,28.2,1359
2019-05-21,27.9,28.55,27.7,28.55,7354
2019-05-22,28.4,28.75,28.25,28.6,3383
2019-05-23,28.85,29.9,28.85,29.15,16602
2019-05-24,29.75,30,29.15,29.65,22503
2019-05-27,29.65,30.8,29.65,30.7,21936
2019-05-28,31,31.8,30.9,31.5,10665
2019-05-29,32,32,30.4,30.6,8034
2019-05-30,30.65,30.9,30.2,30.25,35480
2019-05-31,30.15,30.15,28.75,29.75,22738
2019-06-03,29.8,30.4,29.8,30,11295
2019-06-04,30.1,30.1,29,29.5,7612
2019-06-05,29.5,29.75,28.7,29.75,5461
2019-06-06,29.75,30.4,29.5,29.8,7343
2019-06-07,29.75,30.3,29.5,29.5,4622
2019-06-10,29.5,29.8,29.15,29.45,4549
2019-06-11,30,30,29.35,29.75,4571
2019-06-12,29.75,30.15,29.75,29.95,2807
2019-06-13,30.6,31,29.75,29.75,12030
2019-06-14,29.8,30.45,29.7,29.9,7286
2019-06-17,29.9,30.1,29.9,29.9,91994
2019-06-18,30.6,30.6,30,30.6,9745
2019-06-19,30.5,31,30.5,30.7,3053
2019-06-21,31,31.1,29.25,30.1,11413
2019-06-24,30.4,30.4,30.1,30.1,2824
2019-06-25,30.4,30.4,29.6,30,3967
2019-06-26,30,30,29.65,29.9,2256
2019-06-27,29.9,29.95,29.9,29.95,3585
2019-06-28,30,30,29.65,29.9,3733
2019-07-01,29.9,30.55,29.65,30.55,12622
2019-07-02,30.6,30.6,30.2,30.5,848
2019-07-03,30.95,30.95,30.5,30.9,8389
2019-07-04,30.95,32,30.65,31.85,9875
2019-07-05,32,33.45,32,32,11295
2019-07-08,33.25,33.25,31.8,31.95,14768
2019-07-09,32,32.85,30.9,31.2,108514
2019-07-10,31.2,31.65,30.5,31.15,110320
2019-07-11,31,32.8,30.85,32.8,6762
2019-07-12,32.4,32.7,31.65,31.9,18057
2019-07-15,32.3,32.7,32.3,32.5,1186
2019-07-16,32.5,32.6,32,32.05,1527
2019-07-17,32,32.45,31.65,31.65,2443
2019-07-18,31.65,32,31.45,32,737
2019-07-19,32.55,32.7,32.2,32.6,4313
2019-07-22,32.8,33.35,32.5,32.9,32398
2019-07-23,33,33,32.5,32.75,2417
2019-07-24,32.9,32.9,32,32,3183
2019-07-25,29.95,29.95,27,28,81981
2019-07-26,28,28,24.35,24.85,73517
2019-07-29,24,25.5,24,25,17702
2019-07-30,25.1,25.65,25.1,25.5,2894
2019-07-31,27,27,25.8,26.5,17437
2019-08-01,26.5,27.15,25.8,26.1,11183
2019-08-02,26.2,26.9,25.9,26.55,3613
2019-08-05,26.6,26.6,25.8,25.8,3735
2019-08-06,25.8,26.5,25.8,26.05,4862
2019-08-07,25.9,26.95,25.9,26.1,4649
2019-08-08,26.4,26.45,25.9,26,5688
2019-08-09,26,26.5,26,26.5,3341
2019-08-12,26.1,26.15,25.7,25.95,1552
2019-08-13,25.1,25.6,24.2,25.4,11934
2019-08-14,25.55,25.55,24.9,25.2,134730
2019-08-16,25.2,25.3,24.8,25,4209
2019-08-19,24.65,25.25,24.6,25.2,3564
2019-08-20,25,25.2,24.35,24.9,2832
2019-08-21,24.2,25.1,24.2,24.8,1281
2019-08-22,24.8,25.65,24.7,25,4882
2019-08-23,25.3,25.3,24.55,24.85,6334
2019-08-26,24.1,25.45,24.1,25,13126
2019-08-27,25,25.2,24.5,24.95,8037
2019-08-28,25.2,25.2,24.3,24.3,1345
2019-08-29,25,25,24.2,25,977
2019-08-30,24.95,25,24.4,25,3335
2019-09-02,25,25.15,24.7,25,589
